-- phpMyAdmin SQL Dump
-- version 5.1.0
-- https://www.phpmyadmin.net/
--
-- Host: 127.0.0.1
-- Generation Time: Apr 10, 2021 at 01:30 PM
-- Server version: 10.4.18-MariaDB
-- PHP Version: 7.3.27

SET SQL_MODE = "NO_AUTO_VALUE_ON_ZERO";
START TRANSACTION;
SET time_zone = "+00:00";


/*!40101 SET @OLD_CHARACTER_SET_CLIENT=@@CHARACTER_SET_CLIENT */;
/*!40101 SET @OLD_CHARACTER_SET_RESULTS=@@CHARACTER_SET_RESULTS */;
/*!40101 SET @OLD_COLLATION_CONNECTION=@@COLLATION_CONNECTION */;
/*!40101 SET NAMES utf8mb4 */;

--
-- Database: `absensi`
--

-- --------------------------------------------------------

--
-- Table structure for table `master_role`
--

CREATE TABLE `master_role` (
  `id` int(11) NOT NULL,
  `name` varchar(16) NOT NULL,
  `is_super` int(1) NOT NULL
) ENGINE=InnoDB DEFAULT CHARSET=utf8mb4;

--
-- Dumping data for table `master_role`
--

INSERT INTO `master_role` (`id`, `name`, `is_super`) VALUES
(1, 'admin', 1),
(2, 'Karyawan', 0);

-- --------------------------------------------------------

--
-- Table structure for table `master_rule`
--

CREATE TABLE `master_rule` (
  `id` int(11) NOT NULL,
  `person_per_shift` int(11) NOT NULL,
  `last_user_id` int(11) NOT NULL,
  `first_shift_time` time NOT NULL DEFAULT current_timestamp(),
  `second_shift_time` time NOT NULL DEFAULT current_timestamp()
) ENGINE=InnoDB DEFAULT CHARSET=utf8mb4;

--
-- Dumping data for table `master_rule`
--

INSERT INTO `master_rule` (`id`, `person_per_shift`, `last_user_id`, `first_shift_time`, `second_shift_time`) VALUES
(1, 5, 11, '10:00:00', '20:00:00');

-- --------------------------------------------------------

--
-- Table structure for table `tbl_user`
--

CREATE TABLE `tbl_user` (
  `id` int(11) NOT NULL,
  `nip` varchar(32) NOT NULL,
  `name` varchar(32) NOT NULL,
  `gender` int(1) NOT NULL DEFAULT 0,
  `role_id` int(11) NOT NULL,
  `contact` varchar(16) NOT NULL,
  `status` int(1) NOT NULL DEFAULT 1,
  `email` varchar(32) NOT NULL,
  `password` varchar(64) NOT NULL
) ENGINE=InnoDB DEFAULT CHARSET=utf8mb4;

--
-- Dumping data for table `tbl_user`
--

INSERT INTO `tbl_user` (`id`, `nip`, `name`, `gender`, `role_id`, `contact`, `status`, `email`, `password`) VALUES
(1, '0827328732', 'Super Admin 2', 1, 1, '082217972633', 1, 'admin@gmail.com', '$2y$10$iamBb384Lkk.PXXB11LUY.pZHZY5Y1Dk2Ck3lxHWV3ootyEh3XxSq'),
(10, '12421', 'asdasd', 1, 1, 'sasd2134214', 1, 'admin3@gmail.com', '$2y$10$lgomvRuXpAxwHvWgm0QjpOTikHm8V0zLDZM0iwOGvk6ACAq6o7i5m'),
(11, '123', 'asd', 1, 1, 'asdasd', 1, 'admin2@gmail.com', '$2y$10$Jf4gmkE45vwgLq8WxxvV5OXW/nctUyNuhDLoOPSGRDiY6J4wailIK'),
(14, '1232134', 'Maulana 3', 0, 1, '123213124', 1, 'admin4@gmail.com', '$2y$10$7yDeoPmEbVbB3AWUL02Jau7s0DcpNAe7Z7TwatN66BUuef88OLCue'),
(15, '2535215215', 'Maulanaaw', 0, 2, '124214215421', 1, 'admin6@gmail.com', '$2y$10$99XNWMSivdf.6wn4tR6TGeupumfgkpH3ApRVlES44lqTEys9hBcSq'),
(17, '124214215', 'asdasdas', 1, 2, '214214214', 1, 'admin8@gmail.com', '$2y$10$BNDgvJyEW/D/hD65Dorh1O0fJl/fnYqN4a568m.rJCGqoP2H7RmdW');

-- --------------------------------------------------------

--
-- Table structure for table `trans_attendance`
--

CREATE TABLE `trans_attendance` (
  `id` int(11) NOT NULL,
  `date` date DEFAULT NULL,
  `shift` int(1) NOT NULL DEFAULT 0,
  `status` int(1) NOT NULL DEFAULT 1,
  `time_to_attend` datetime NOT NULL,
  `punch_time` datetime DEFAULT NULL,
  `user_id` int(11) NOT NULL
) ENGINE=InnoDB DEFAULT CHARSET=utf8mb4;

--
-- Dumping data for table `trans_attendance`
--

INSERT INTO `trans_attendance` (`id`, `date`, `shift`, `status`, `time_to_attend`, `punch_time`, `user_id`) VALUES
(1, '2021-05-03', 0, 1, '2021-05-03 10:00:00', NULL, 14),
(2, '2021-05-03', 0, 1, '2021-05-03 10:00:00', NULL, 15),
(3, '2021-05-03', 0, 1, '2021-05-03 10:00:00', NULL, 17),
(4, '2021-05-03', 0, 1, '2021-05-03 10:00:00', NULL, 1),
(5, '2021-05-03', 0, 1, '2021-05-03 10:00:00', NULL, 10),
(6, '2021-05-03', 1, 1, '2021-05-03 20:00:00', NULL, 11),
(7, '2021-05-03', 1, 1, '2021-05-03 20:00:00', NULL, 14),
(8, '2021-05-03', 1, 1, '2021-05-03 20:00:00', NULL, 15),
(9, '2021-05-03', 1, 1, '2021-05-03 20:00:00', NULL, 17),
(10, '2021-05-03', 1, 1, '2021-05-03 20:00:00', NULL, 1),
(11, '2021-05-04', 1, 1, '2021-05-04 20:00:00', NULL, 10),
(12, '2021-05-04', 1, 1, '2021-05-04 20:00:00', NULL, 11),
(13, '2021-05-04', 1, 1, '2021-05-04 20:00:00', NULL, 14),
(14, '2021-05-04', 1, 1, '2021-05-04 20:00:00', NULL, 15),
(15, '2021-05-04', 1, 1, '2021-05-04 20:00:00', NULL, 17),
(16, '2021-05-04', 0, 1, '2021-05-04 10:00:00', NULL, 1),
(17, '2021-05-04', 0, 1, '2021-05-04 10:00:00', NULL, 10),
(18, '2021-05-04', 0, 1, '2021-05-04 10:00:00', NULL, 11),
(19, '2021-05-04', 0, 1, '2021-05-04 10:00:00', NULL, 14),
(20, '2021-05-04', 0, 1, '2021-05-04 10:00:00', NULL, 15),
(21, '2021-05-05', 0, 1, '2021-05-05 10:00:00', NULL, 17),
(22, '2021-05-05', 0, 1, '2021-05-05 10:00:00', NULL, 1),
(23, '2021-05-05', 0, 1, '2021-05-05 10:00:00', NULL, 10),
(24, '2021-05-05', 0, 1, '2021-05-05 10:00:00', NULL, 11),
(25, '2021-05-05', 0, 1, '2021-05-05 10:00:00', NULL, 14),
(26, '2021-05-05', 1, 1, '2021-05-05 20:00:00', NULL, 15),
(27, '2021-05-05', 1, 1, '2021-05-05 20:00:00', NULL, 17),
(28, '2021-05-05', 1, 1, '2021-05-05 20:00:00', NULL, 1),
(29, '2021-05-05', 1, 1, '2021-05-05 20:00:00', NULL, 10),
(30, '2021-05-05', 1, 1, '2021-05-05 20:00:00', NULL, 11),
(31, '2021-05-06', 1, 1, '2021-05-06 20:00:00', NULL, 14),
(32, '2021-05-06', 1, 1, '2021-05-06 20:00:00', NULL, 15),
(33, '2021-05-06', 1, 1, '2021-05-06 20:00:00', NULL, 17),
(34, '2021-05-06', 1, 1, '2021-05-06 20:00:00', NULL, 1),
(35, '2021-05-06', 1, 1, '2021-05-06 20:00:00', NULL, 10),
(36, '2021-05-06', 0, 1, '2021-05-06 10:00:00', NULL, 11),
(37, '2021-05-06', 0, 1, '2021-05-06 10:00:00', NULL, 14),
(38, '2021-05-06', 0, 1, '2021-05-06 10:00:00', NULL, 15),
(39, '2021-05-06', 0, 1, '2021-05-06 10:00:00', NULL, 17),
(40, '2021-05-06', 0, 1, '2021-05-06 10:00:00', NULL, 1),
(41, '2021-05-07', 0, 1, '2021-05-07 10:00:00', NULL, 10),
(42, '2021-05-07', 0, 1, '2021-05-07 10:00:00', NULL, 11),
(43, '2021-05-07', 0, 1, '2021-05-07 10:00:00', NULL, 14),
(44, '2021-05-07', 0, 1, '2021-05-07 10:00:00', NULL, 15),
(45, '2021-05-07', 0, 1, '2021-05-07 10:00:00', NULL, 17),
(46, '2021-05-07', 1, 1, '2021-05-07 20:00:00', NULL, 1),
(47, '2021-05-07', 1, 1, '2021-05-07 20:00:00', NULL, 10),
(48, '2021-05-07', 1, 1, '2021-05-07 20:00:00', NULL, 11),
(49, '2021-05-07', 1, 1, '2021-05-07 20:00:00', NULL, 14),
(50, '2021-05-07', 1, 1, '2021-05-07 20:00:00', NULL, 15),
(51, '2021-05-08', 1, 1, '2021-05-08 20:00:00', NULL, 17),
(52, '2021-05-08', 1, 1, '2021-05-08 20:00:00', NULL, 1),
(53, '2021-05-08', 1, 1, '2021-05-08 20:00:00', NULL, 10),
(54, '2021-05-08', 1, 1, '2021-05-08 20:00:00', NULL, 11),
(55, '2021-05-08', 1, 1, '2021-05-08 20:00:00', NULL, 14),
(56, '2021-05-08', 0, 1, '2021-05-08 10:00:00', NULL, 15),
(57, '2021-05-08', 0, 1, '2021-05-08 10:00:00', NULL, 17),
(58, '2021-05-08', 0, 1, '2021-05-08 10:00:00', NULL, 1),
(59, '2021-05-08', 0, 1, '2021-05-08 10:00:00', NULL, 10),
(60, '2021-05-08', 0, 1, '2021-05-08 10:00:00', NULL, 11),
(61, '2021-03-29', 0, 1, '2021-03-29 10:00:00', NULL, 14),
(62, '2021-03-29', 0, 1, '2021-03-29 10:00:00', NULL, 15),
(63, '2021-03-29', 0, 1, '2021-03-29 10:00:00', NULL, 17),
(64, '2021-03-29', 0, 1, '2021-03-29 10:00:00', NULL, 1),
(65, '2021-03-29', 0, 1, '2021-03-29 10:00:00', NULL, 10),
(66, '2021-03-29', 1, 1, '2021-03-29 20:00:00', NULL, 11),
(67, '2021-03-29', 1, 1, '2021-03-29 20:00:00', NULL, 14),
(68, '2021-03-29', 1, 1, '2021-03-29 20:00:00', NULL, 15),
(69, '2021-03-29', 1, 1, '2021-03-29 20:00:00', NULL, 17),
(70, '2021-03-29', 1, 1, '2021-03-29 20:00:00', NULL, 1),
(71, '2021-03-30', 1, 1, '2021-03-30 20:00:00', NULL, 10),
(72, '2021-03-30', 1, 1, '2021-03-30 20:00:00', NULL, 11),
(73, '2021-03-30', 1, 1, '2021-03-30 20:00:00', NULL, 14),
(74, '2021-03-30', 1, 1, '2021-03-30 20:00:00', NULL, 15),
(75, '2021-03-30', 1, 1, '2021-03-30 20:00:00', NULL, 17),
(76, '2021-03-30', 0, 1, '2021-03-30 10:00:00', NULL, 1),
(77, '2021-03-30', 0, 1, '2021-03-30 10:00:00', NULL, 10),
(78, '2021-03-30', 0, 1, '2021-03-30 10:00:00', NULL, 11),
(79, '2021-03-30', 0, 1, '2021-03-30 10:00:00', NULL, 14),
(80, '2021-03-30', 0, 1, '2021-03-30 10:00:00', NULL, 15),
(81, '2021-03-31', 0, 1, '2021-03-31 10:00:00', NULL, 17),
(82, '2021-03-31', 0, 1, '2021-03-31 10:00:00', NULL, 1),
(83, '2021-03-31', 0, 1, '2021-03-31 10:00:00', NULL, 10),
(84, '2021-03-31', 0, 1, '2021-03-31 10:00:00', NULL, 11),
(85, '2021-03-31', 0, 1, '2021-03-31 10:00:00', NULL, 14),
(86, '2021-03-31', 1, 1, '2021-03-31 20:00:00', NULL, 15),
(87, '2021-03-31', 1, 1, '2021-03-31 20:00:00', NULL, 17),
(88, '2021-03-31', 1, 1, '2021-03-31 20:00:00', NULL, 1),
(89, '2021-03-31', 1, 1, '2021-03-31 20:00:00', NULL, 10),
(90, '2021-03-31', 1, 1, '2021-03-31 20:00:00', NULL, 11),
(91, '2021-04-01', 1, 1, '2021-04-01 20:00:00', NULL, 14),
(92, '2021-04-01', 1, 1, '2021-04-01 20:00:00', NULL, 15),
(93, '2021-04-01', 1, 1, '2021-04-01 20:00:00', NULL, 17),
(94, '2021-04-01', 1, 1, '2021-04-01 20:00:00', NULL, 1),
(95, '2021-04-01', 1, 1, '2021-04-01 20:00:00', NULL, 10),
(96, '2021-04-01', 0, 1, '2021-04-01 10:00:00', NULL, 11),
(97, '2021-04-01', 0, 1, '2021-04-01 10:00:00', NULL, 14),
(98, '2021-04-01', 0, 1, '2021-04-01 10:00:00', NULL, 15),
(99, '2021-04-01', 0, 1, '2021-04-01 10:00:00', NULL, 17),
(100, '2021-04-01', 0, 1, '2021-04-01 10:00:00', NULL, 1),
(101, '2021-04-02', 0, 1, '2021-04-02 10:00:00', NULL, 10),
(102, '2021-04-02', 0, 1, '2021-04-02 10:00:00', NULL, 11),
(103, '2021-04-02', 0, 1, '2021-04-02 10:00:00', NULL, 14),
(104, '2021-04-02', 0, 1, '2021-04-02 10:00:00', NULL, 15),
(105, '2021-04-02', 0, 1, '2021-04-02 10:00:00', NULL, 17),
(106, '2021-04-02', 1, 1, '2021-04-02 20:00:00', NULL, 1),
(107, '2021-04-02', 1, 1, '2021-04-02 20:00:00', NULL, 10),
(108, '2021-04-02', 1, 1, '2021-04-02 20:00:00', NULL, 11),
(109, '2021-04-02', 1, 1, '2021-04-02 20:00:00', NULL, 14),
(110, '2021-04-02', 1, 1, '2021-04-02 20:00:00', NULL, 15),
(111, '2021-04-03', 1, 1, '2021-04-03 20:00:00', NULL, 17),
(112, '2021-04-03', 1, 1, '2021-04-03 20:00:00', NULL, 1),
(113, '2021-04-03', 1, 1, '2021-04-03 20:00:00', NULL, 10),
(114, '2021-04-03', 1, 1, '2021-04-03 20:00:00', NULL, 11),
(115, '2021-04-03', 1, 1, '2021-04-03 20:00:00', NULL, 14),
(116, '2021-04-03', 0, 1, '2021-04-03 10:00:00', NULL, 15),
(117, '2021-04-03', 0, 1, '2021-04-03 10:00:00', NULL, 17),
(118, '2021-04-03', 0, 1, '2021-04-03 10:00:00', NULL, 1),
(119, '2021-04-03', 0, 1, '2021-04-03 10:00:00', NULL, 10),
(120, '2021-04-03', 0, 1, '2021-04-03 10:00:00', NULL, 11),
(121, '2021-04-05', 0, 1, '2021-04-05 10:00:00', NULL, 14),
(122, '2021-04-05', 0, 1, '2021-04-05 10:00:00', NULL, 15),
(123, '2021-04-05', 0, 1, '2021-04-05 10:00:00', NULL, 17),
(124, '2021-04-05', 0, 1, '2021-04-05 10:00:00', NULL, 1),
(125, '2021-04-05', 0, 1, '2021-04-05 10:00:00', NULL, 10),
(126, '2021-04-05', 1, 1, '2021-04-05 20:00:00', NULL, 11),
(127, '2021-04-05', 1, 1, '2021-04-05 20:00:00', NULL, 14),
(128, '2021-04-05', 1, 1, '2021-04-05 20:00:00', NULL, 15),
(129, '2021-04-05', 1, 1, '2021-04-05 20:00:00', NULL, 17),
(130, '2021-04-05', 1, 1, '2021-04-05 20:00:00', NULL, 1),
(131, '2021-04-06', 1, 1, '2021-04-06 20:00:00', NULL, 10),
(132, '2021-04-06', 1, 1, '2021-04-06 20:00:00', NULL, 11),
(133, '2021-04-06', 1, 1, '2021-04-06 20:00:00', NULL, 14),
(134, '2021-04-06', 1, 1, '2021-04-06 20:00:00', NULL, 15),
(135, '2021-04-06', 1, 1, '2021-04-06 20:00:00', NULL, 17),
(136, '2021-04-06', 0, 1, '2021-04-06 10:00:00', NULL, 1),
(137, '2021-04-06', 0, 1, '2021-04-06 10:00:00', NULL, 10),
(138, '2021-04-06', 0, 1, '2021-04-06 10:00:00', NULL, 11),
(139, '2021-04-06', 0, 1, '2021-04-06 10:00:00', NULL, 14),
(140, '2021-04-06', 0, 1, '2021-04-06 10:00:00', NULL, 15),
(141, '2021-04-07', 0, 1, '2021-04-07 10:00:00', NULL, 17),
(142, '2021-04-07', 0, 1, '2021-04-07 10:00:00', NULL, 1),
(143, '2021-04-07', 0, 1, '2021-04-07 10:00:00', NULL, 10),
(144, '2021-04-07', 0, 1, '2021-04-07 10:00:00', NULL, 11),
(145, '2021-04-07', 0, 1, '2021-04-07 10:00:00', NULL, 14),
(146, '2021-04-07', 1, 1, '2021-04-07 20:00:00', NULL, 15),
(147, '2021-04-07', 1, 1, '2021-04-07 20:00:00', NULL, 17),
(148, '2021-04-07', 1, 1, '2021-04-07 20:00:00', NULL, 1),
(149, '2021-04-07', 1, 1, '2021-04-07 20:00:00', NULL, 10),
(150, '2021-04-07', 1, 1, '2021-04-07 20:00:00', NULL, 11),
(151, '2021-04-08', 1, 1, '2021-04-08 20:00:00', NULL, 14),
(152, '2021-04-08', 1, 1, '2021-04-08 20:00:00', NULL, 15),
(153, '2021-04-08', 1, 1, '2021-04-08 20:00:00', NULL, 17),
(154, '2021-04-08', 1, 1, '2021-04-08 20:00:00', NULL, 1),
(155, '2021-04-08', 1, 1, '2021-04-08 20:00:00', NULL, 10),
(156, '2021-04-08', 0, 1, '2021-04-08 10:00:00', NULL, 11),
(157, '2021-04-08', 0, 1, '2021-04-08 10:00:00', NULL, 14),
(158, '2021-04-08', 0, 1, '2021-04-08 10:00:00', NULL, 15),
(159, '2021-04-08', 0, 1, '2021-04-08 10:00:00', NULL, 17),
(160, '2021-04-08', 0, 1, '2021-04-08 10:00:00', NULL, 1),
(161, '2021-04-09', 0, 1, '2021-04-09 10:00:00', NULL, 10),
(162, '2021-04-09', 0, 1, '2021-04-09 10:00:00', NULL, 11),
(163, '2021-04-09', 0, 1, '2021-04-09 10:00:00', NULL, 14),
(164, '2021-04-09', 0, 1, '2021-04-09 10:00:00', NULL, 15),
(165, '2021-04-09', 0, 1, '2021-04-09 10:00:00', NULL, 17),
(166, '2021-04-09', 1, 1, '2021-04-09 20:00:00', NULL, 1),
(167, '2021-04-09', 1, 1, '2021-04-09 20:00:00', NULL, 10),
(168, '2021-04-09', 1, 1, '2021-04-09 20:00:00', NULL, 11),
(169, '2021-04-09', 1, 1, '2021-04-09 20:00:00', NULL, 14),
(170, '2021-04-09', 1, 1, '2021-04-09 20:00:00', NULL, 15),
(171, '2021-04-10', 1, 1, '2021-04-10 20:00:00', NULL, 17),
(172, '2021-04-10', 1, 1, '2021-04-10 20:00:00', NULL, 1),
(173, '2021-04-10', 1, 1, '2021-04-10 20:00:00', NULL, 10),
(174, '2021-04-10', 1, 1, '2021-04-10 20:00:00', NULL, 11),
(175, '2021-04-10', 1, 1, '2021-04-10 20:00:00', NULL, 14),
(176, '2021-04-10', 0, 1, '2021-04-10 10:00:00', NULL, 15),
(177, '2021-04-10', 0, 1, '2021-04-10 10:00:00', NULL, 17),
(178, '2021-04-10', 0, 1, '2021-04-10 10:00:00', NULL, 1),
(179, '2021-04-10', 0, 1, '2021-04-10 10:00:00', NULL, 10),
(180, '2021-04-10', 0, 1, '2021-04-10 10:00:00', NULL, 11),
(181, '2021-03-01', 0, 1, '2021-03-01 10:00:00', NULL, 14),
(182, '2021-03-01', 0, 1, '2021-03-01 10:00:00', NULL, 15),
(183, '2021-03-01', 0, 1, '2021-03-01 10:00:00', NULL, 17),
(184, '2021-03-01', 0, 1, '2021-03-01 10:00:00', NULL, 1),
(185, '2021-03-01', 0, 1, '2021-03-01 10:00:00', NULL, 10),
(186, '2021-03-01', 1, 1, '2021-03-01 20:00:00', NULL, 11),
(187, '2021-03-01', 1, 1, '2021-03-01 20:00:00', NULL, 14),
(188, '2021-03-01', 1, 1, '2021-03-01 20:00:00', NULL, 15),
(189, '2021-03-01', 1, 1, '2021-03-01 20:00:00', NULL, 17),
(190, '2021-03-01', 1, 1, '2021-03-01 20:00:00', NULL, 1),
(191, '2021-03-02', 1, 1, '2021-03-02 20:00:00', NULL, 10),
(192, '2021-03-02', 1, 1, '2021-03-02 20:00:00', NULL, 11),
(193, '2021-03-02', 1, 1, '2021-03-02 20:00:00', NULL, 14),
(194, '2021-03-02', 1, 1, '2021-03-02 20:00:00', NULL, 15),
(195, '2021-03-02', 1, 1, '2021-03-02 20:00:00', NULL, 17),
(196, '2021-03-02', 0, 1, '2021-03-02 10:00:00', NULL, 1),
(197, '2021-03-02', 0, 1, '2021-03-02 10:00:00', NULL, 10),
(198, '2021-03-02', 0, 1, '2021-03-02 10:00:00', NULL, 11),
(199, '2021-03-02', 0, 1, '2021-03-02 10:00:00', NULL, 14),
(200, '2021-03-02', 0, 1, '2021-03-02 10:00:00', NULL, 15),
(201, '2021-03-03', 0, 1, '2021-03-03 10:00:00', NULL, 17),
(202, '2021-03-03', 0, 1, '2021-03-03 10:00:00', NULL, 1),
(203, '2021-03-03', 0, 1, '2021-03-03 10:00:00', NULL, 10),
(204, '2021-03-03', 0, 1, '2021-03-03 10:00:00', NULL, 11),
(205, '2021-03-03', 0, 1, '2021-03-03 10:00:00', NULL, 14),
(206, '2021-03-03', 1, 1, '2021-03-03 20:00:00', NULL, 15),
(207, '2021-03-03', 1, 1, '2021-03-03 20:00:00', NULL, 17),
(208, '2021-03-03', 1, 1, '2021-03-03 20:00:00', NULL, 1),
(209, '2021-03-03', 1, 1, '2021-03-03 20:00:00', NULL, 10),
(210, '2021-03-03', 1, 1, '2021-03-03 20:00:00', NULL, 11),
(211, '2021-03-04', 1, 1, '2021-03-04 20:00:00', NULL, 14),
(212, '2021-03-04', 1, 1, '2021-03-04 20:00:00', NULL, 15),
(213, '2021-03-04', 1, 1, '2021-03-04 20:00:00', NULL, 17),
(214, '2021-03-04', 1, 1, '2021-03-04 20:00:00', NULL, 1),
(215, '2021-03-04', 1, 1, '2021-03-04 20:00:00', NULL, 10),
(216, '2021-03-04', 0, 1, '2021-03-04 10:00:00', NULL, 11),
(217, '2021-03-04', 0, 1, '2021-03-04 10:00:00', NULL, 14),
(218, '2021-03-04', 0, 1, '2021-03-04 10:00:00', NULL, 15),
(219, '2021-03-04', 0, 1, '2021-03-04 10:00:00', NULL, 17),
(220, '2021-03-04', 0, 1, '2021-03-04 10:00:00', NULL, 1),
(221, '2021-03-05', 0, 1, '2021-03-05 10:00:00', NULL, 10),
(222, '2021-03-05', 0, 1, '2021-03-05 10:00:00', NULL, 11),
(223, '2021-03-05', 0, 1, '2021-03-05 10:00:00', NULL, 14),
(224, '2021-03-05', 0, 1, '2021-03-05 10:00:00', NULL, 15),
(225, '2021-03-05', 0, 1, '2021-03-05 10:00:00', NULL, 17),
(226, '2021-03-05', 1, 1, '2021-03-05 20:00:00', NULL, 1),
(227, '2021-03-05', 1, 1, '2021-03-05 20:00:00', NULL, 10),
(228, '2021-03-05', 1, 1, '2021-03-05 20:00:00', NULL, 11),
(229, '2021-03-05', 1, 1, '2021-03-05 20:00:00', NULL, 14),
(230, '2021-03-05', 1, 1, '2021-03-05 20:00:00', NULL, 15),
(231, '2021-03-06', 1, 1, '2021-03-06 20:00:00', NULL, 17),
(232, '2021-03-06', 1, 1, '2021-03-06 20:00:00', NULL, 1),
(233, '2021-03-06', 1, 1, '2021-03-06 20:00:00', NULL, 10),
(234, '2021-03-06', 1, 1, '2021-03-06 20:00:00', NULL, 11),
(235, '2021-03-06', 1, 1, '2021-03-06 20:00:00', NULL, 14),
(236, '2021-03-06', 0, 1, '2021-03-06 10:00:00', NULL, 15),
(237, '2021-03-06', 0, 1, '2021-03-06 10:00:00', NULL, 17),
(238, '2021-03-06', 0, 1, '2021-03-06 10:00:00', NULL, 1),
(239, '2021-03-06', 0, 1, '2021-03-06 10:00:00', NULL, 10),
(240, '2021-03-06', 0, 1, '2021-03-06 10:00:00', NULL, 11),
(241, '2021-03-08', 0, 1, '2021-03-08 10:00:00', NULL, 14),
(242, '2021-03-08', 0, 1, '2021-03-08 10:00:00', NULL, 15),
(243, '2021-03-08', 0, 1, '2021-03-08 10:00:00', NULL, 17),
(244, '2021-03-08', 0, 1, '2021-03-08 10:00:00', NULL, 1),
(245, '2021-03-08', 0, 1, '2021-03-08 10:00:00', NULL, 10),
(246, '2021-03-08', 1, 1, '2021-03-08 20:00:00', NULL, 11),
(247, '2021-03-08', 1, 1, '2021-03-08 20:00:00', NULL, 14),
(248, '2021-03-08', 1, 1, '2021-03-08 20:00:00', NULL, 15),
(249, '2021-03-08', 1, 1, '2021-03-08 20:00:00', NULL, 17),
(250, '2021-03-08', 1, 1, '2021-03-08 20:00:00', NULL, 1),
(251, '2021-03-09', 1, 1, '2021-03-09 20:00:00', NULL, 10),
(252, '2021-03-09', 1, 1, '2021-03-09 20:00:00', NULL, 11),
(253, '2021-03-09', 1, 1, '2021-03-09 20:00:00', NULL, 14),
(254, '2021-03-09', 1, 1, '2021-03-09 20:00:00', NULL, 15),
(255, '2021-03-09', 1, 1, '2021-03-09 20:00:00', NULL, 17),
(256, '2021-03-09', 0, 1, '2021-03-09 10:00:00', NULL, 1),
(257, '2021-03-09', 0, 1, '2021-03-09 10:00:00', NULL, 10),
(258, '2021-03-09', 0, 1, '2021-03-09 10:00:00', NULL, 11),
(259, '2021-03-09', 0, 1, '2021-03-09 10:00:00', NULL, 14),
(260, '2021-03-09', 0, 1, '2021-03-09 10:00:00', NULL, 15),
(261, '2021-03-10', 0, 1, '2021-03-10 10:00:00', NULL, 17),
(262, '2021-03-10', 0, 1, '2021-03-10 10:00:00', NULL, 1),
(263, '2021-03-10', 0, 1, '2021-03-10 10:00:00', NULL, 10),
(264, '2021-03-10', 0, 1, '2021-03-10 10:00:00', NULL, 11),
(265, '2021-03-10', 0, 1, '2021-03-10 10:00:00', NULL, 14),
(266, '2021-03-10', 1, 1, '2021-03-10 20:00:00', NULL, 15),
(267, '2021-03-10', 1, 1, '2021-03-10 20:00:00', NULL, 17),
(268, '2021-03-10', 1, 1, '2021-03-10 20:00:00', NULL, 1),
(269, '2021-03-10', 1, 1, '2021-03-10 20:00:00', NULL, 10),
(270, '2021-03-10', 1, 1, '2021-03-10 20:00:00', NULL, 11),
(271, '2021-03-11', 1, 1, '2021-03-11 20:00:00', NULL, 14),
(272, '2021-03-11', 1, 1, '2021-03-11 20:00:00', NULL, 15),
(273, '2021-03-11', 1, 1, '2021-03-11 20:00:00', NULL, 17),
(274, '2021-03-11', 1, 1, '2021-03-11 20:00:00', NULL, 1),
(275, '2021-03-11', 1, 1, '2021-03-11 20:00:00', NULL, 10),
(276, '2021-03-11', 0, 1, '2021-03-11 10:00:00', NULL, 11),
(277, '2021-03-11', 0, 1, '2021-03-11 10:00:00', NULL, 14),
(278, '2021-03-11', 0, 1, '2021-03-11 10:00:00', NULL, 15),
(279, '2021-03-11', 0, 1, '2021-03-11 10:00:00', NULL, 17),
(280, '2021-03-11', 0, 1, '2021-03-11 10:00:00', NULL, 1),
(281, '2021-03-12', 0, 1, '2021-03-12 10:00:00', NULL, 10),
(282, '2021-03-12', 0, 1, '2021-03-12 10:00:00', NULL, 11),
(283, '2021-03-12', 0, 1, '2021-03-12 10:00:00', NULL, 14),
(284, '2021-03-12', 0, 1, '2021-03-12 10:00:00', NULL, 15),
(285, '2021-03-12', 0, 1, '2021-03-12 10:00:00', NULL, 17),
(286, '2021-03-12', 1, 1, '2021-03-12 20:00:00', NULL, 1),
(287, '2021-03-12', 1, 1, '2021-03-12 20:00:00', NULL, 10),
(288, '2021-03-12', 1, 1, '2021-03-12 20:00:00', NULL, 11),
(289, '2021-03-12', 1, 1, '2021-03-12 20:00:00', NULL, 14),
(290, '2021-03-12', 1, 1, '2021-03-12 20:00:00', NULL, 15),
(291, '2021-03-13', 1, 1, '2021-03-13 20:00:00', NULL, 17),
(292, '2021-03-13', 1, 1, '2021-03-13 20:00:00', NULL, 1),
(293, '2021-03-13', 1, 1, '2021-03-13 20:00:00', NULL, 10),
(294, '2021-03-13', 1, 1, '2021-03-13 20:00:00', NULL, 11),
(295, '2021-03-13', 1, 1, '2021-03-13 20:00:00', NULL, 14),
(296, '2021-03-13', 0, 1, '2021-03-13 10:00:00', NULL, 15),
(297, '2021-03-13', 0, 1, '2021-03-13 10:00:00', NULL, 17),
(298, '2021-03-13', 0, 1, '2021-03-13 10:00:00', NULL, 1),
(299, '2021-03-13', 0, 1, '2021-03-13 10:00:00', NULL, 10),
(300, '2021-03-13', 0, 1, '2021-03-13 10:00:00', NULL, 11),
(301, '2021-04-12', 0, 1, '2021-04-12 10:00:00', NULL, 14),
(302, '2021-04-12', 0, 1, '2021-04-12 10:00:00', NULL, 15),
(303, '2021-04-12', 0, 1, '2021-04-12 10:00:00', NULL, 17),
(304, '2021-04-12', 0, 1, '2021-04-12 10:00:00', NULL, 1),
(305, '2021-04-12', 0, 1, '2021-04-12 10:00:00', NULL, 10),
(306, '2021-04-12', 1, 1, '2021-04-12 20:00:00', NULL, 11),
(307, '2021-04-12', 1, 1, '2021-04-12 20:00:00', NULL, 14),
(308, '2021-04-12', 1, 1, '2021-04-12 20:00:00', NULL, 15),
(309, '2021-04-12', 1, 1, '2021-04-12 20:00:00', NULL, 17),
(310, '2021-04-12', 1, 1, '2021-04-12 20:00:00', NULL, 1),
(311, '2021-04-13', 1, 1, '2021-04-13 20:00:00', NULL, 10),
(312, '2021-04-13', 1, 1, '2021-04-13 20:00:00', NULL, 11),
(313, '2021-04-13', 1, 1, '2021-04-13 20:00:00', NULL, 14),
(314, '2021-04-13', 1, 1, '2021-04-13 20:00:00', NULL, 15),
(315, '2021-04-13', 1, 1, '2021-04-13 20:00:00', NULL, 17),
(316, '2021-04-13', 0, 1, '2021-04-13 10:00:00', NULL, 1),
(317, '2021-04-13', 0, 1, '2021-04-13 10:00:00', NULL, 10),
(318, '2021-04-13', 0, 1, '2021-04-13 10:00:00', NULL, 11),
(319, '2021-04-13', 0, 1, '2021-04-13 10:00:00', NULL, 14),
(320, '2021-04-13', 0, 1, '2021-04-13 10:00:00', NULL, 15),
(321, '2021-04-14', 0, 1, '2021-04-14 10:00:00', NULL, 17),
(322, '2021-04-14', 0, 1, '2021-04-14 10:00:00', NULL, 1),
(323, '2021-04-14', 0, 1, '2021-04-14 10:00:00', NULL, 10),
(324, '2021-04-14', 0, 1, '2021-04-14 10:00:00', NULL, 11),
(325, '2021-04-14', 0, 1, '2021-04-14 10:00:00', NULL, 14),
(326, '2021-04-14', 1, 1, '2021-04-14 20:00:00', NULL, 15),
(327, '2021-04-14', 1, 1, '2021-04-14 20:00:00', NULL, 17),
(328, '2021-04-14', 1, 1, '2021-04-14 20:00:00', NULL, 1),
(329, '2021-04-14', 1, 1, '2021-04-14 20:00:00', NULL, 10),
(330, '2021-04-14', 1, 1, '2021-04-14 20:00:00', NULL, 11),
(331, '2021-04-15', 1, 1, '2021-04-15 20:00:00', NULL, 14),
(332, '2021-04-15', 1, 1, '2021-04-15 20:00:00', NULL, 15),
(333, '2021-04-15', 1, 1, '2021-04-15 20:00:00', NULL, 17),
(334, '2021-04-15', 1, 1, '2021-04-15 20:00:00', NULL, 1),
(335, '2021-04-15', 1, 1, '2021-04-15 20:00:00', NULL, 10),
(336, '2021-04-15', 0, 1, '2021-04-15 10:00:00', NULL, 11),
(337, '2021-04-15', 0, 1, '2021-04-15 10:00:00', NULL, 14),
(338, '2021-04-15', 0, 1, '2021-04-15 10:00:00', NULL, 15),
(339, '2021-04-15', 0, 1, '2021-04-15 10:00:00', NULL, 17),
(340, '2021-04-15', 0, 1, '2021-04-15 10:00:00', NULL, 1),
(341, '2021-04-16', 0, 1, '2021-04-16 10:00:00', NULL, 10),
(342, '2021-04-16', 0, 1, '2021-04-16 10:00:00', NULL, 11),
(343, '2021-04-16', 0, 1, '2021-04-16 10:00:00', NULL, 14),
(344, '2021-04-16', 0, 1, '2021-04-16 10:00:00', NULL, 15),
(345, '2021-04-16', 0, 1, '2021-04-16 10:00:00', NULL, 17),
(346, '2021-04-16', 1, 1, '2021-04-16 20:00:00', NULL, 1),
(347, '2021-04-16', 1, 1, '2021-04-16 20:00:00', NULL, 10),
(348, '2021-04-16', 1, 1, '2021-04-16 20:00:00', NULL, 11),
(349, '2021-04-16', 1, 1, '2021-04-16 20:00:00', NULL, 14),
(350, '2021-04-16', 1, 1, '2021-04-16 20:00:00', NULL, 15),
(351, '2021-04-17', 1, 1, '2021-04-17 20:00:00', NULL, 17),
(352, '2021-04-17', 1, 1, '2021-04-17 20:00:00', NULL, 1),
(353, '2021-04-17', 1, 1, '2021-04-17 20:00:00', NULL, 10),
(354, '2021-04-17', 1, 1, '2021-04-17 20:00:00', NULL, 11),
(355, '2021-04-17', 1, 1, '2021-04-17 20:00:00', NULL, 14),
(356, '2021-04-17', 0, 1, '2021-04-17 10:00:00', NULL, 15),
(357, '2021-04-17', 0, 1, '2021-04-17 10:00:00', NULL, 17),
(358, '2021-04-17', 0, 1, '2021-04-17 10:00:00', NULL, 1),
(359, '2021-04-17', 0, 1, '2021-04-17 10:00:00', NULL, 10),
(360, '2021-04-17', 0, 1, '2021-04-17 10:00:00', NULL, 11),
(361, '2021-04-19', 0, 1, '2021-04-19 10:00:00', NULL, 14),
(362, '2021-04-19', 0, 1, '2021-04-19 10:00:00', NULL, 15),
(363, '2021-04-19', 0, 1, '2021-04-19 10:00:00', NULL, 17),
(364, '2021-04-19', 0, 1, '2021-04-19 10:00:00', NULL, 1),
(365, '2021-04-19', 0, 1, '2021-04-19 10:00:00', NULL, 10),
(366, '2021-04-19', 1, 1, '2021-04-19 20:00:00', NULL, 11),
(367, '2021-04-19', 1, 1, '2021-04-19 20:00:00', NULL, 14),
(368, '2021-04-19', 1, 1, '2021-04-19 20:00:00', NULL, 15),
(369, '2021-04-19', 1, 1, '2021-04-19 20:00:00', NULL, 17),
(370, '2021-04-19', 1, 1, '2021-04-19 20:00:00', NULL, 1),
(371, '2021-04-20', 1, 1, '2021-04-20 20:00:00', NULL, 10),
(372, '2021-04-20', 1, 1, '2021-04-20 20:00:00', NULL, 11),
(373, '2021-04-20', 1, 1, '2021-04-20 20:00:00', NULL, 14),
(374, '2021-04-20', 1, 1, '2021-04-20 20:00:00', NULL, 15),
(375, '2021-04-20', 1, 1, '2021-04-20 20:00:00', NULL, 17),
(376, '2021-04-20', 0, 1, '2021-04-20 10:00:00', NULL, 1),
(377, '2021-04-20', 0, 1, '2021-04-20 10:00:00', NULL, 10),
(378, '2021-04-20', 0, 1, '2021-04-20 10:00:00', NULL, 11),
(379, '2021-04-20', 0, 1, '2021-04-20 10:00:00', NULL, 14),
(380, '2021-04-20', 0, 1, '2021-04-20 10:00:00', NULL, 15),
(381, '2021-04-21', 0, 1, '2021-04-21 10:00:00', NULL, 17),
(382, '2021-04-21', 0, 1, '2021-04-21 10:00:00', NULL, 1),
(383, '2021-04-21', 0, 1, '2021-04-21 10:00:00', NULL, 10),
(384, '2021-04-21', 0, 1, '2021-04-21 10:00:00', NULL, 11),
(385, '2021-04-21', 0, 1, '2021-04-21 10:00:00', NULL, 14),
(386, '2021-04-21', 1, 1, '2021-04-21 20:00:00', NULL, 15),
(387, '2021-04-21', 1, 1, '2021-04-21 20:00:00', NULL, 17),
(388, '2021-04-21', 1, 1, '2021-04-21 20:00:00', NULL, 1),
(389, '2021-04-21', 1, 1, '2021-04-21 20:00:00', NULL, 10),
(390, '2021-04-21', 1, 1, '2021-04-21 20:00:00', NULL, 11),
(391, '2021-04-22', 1, 1, '2021-04-22 20:00:00', NULL, 14),
(392, '2021-04-22', 1, 1, '2021-04-22 20:00:00', NULL, 15),
(393, '2021-04-22', 1, 1, '2021-04-22 20:00:00', NULL, 17),
(394, '2021-04-22', 1, 1, '2021-04-22 20:00:00', NULL, 1),
(395, '2021-04-22', 1, 1, '2021-04-22 20:00:00', NULL, 10),
(396, '2021-04-22', 0, 1, '2021-04-22 10:00:00', NULL, 11),
(397, '2021-04-22', 0, 1, '2021-04-22 10:00:00', NULL, 14),
(398, '2021-04-22', 0, 1, '2021-04-22 10:00:00', NULL, 15),
(399, '2021-04-22', 0, 1, '2021-04-22 10:00:00', NULL, 17),
(400, '2021-04-22', 0, 1, '2021-04-22 10:00:00', NULL, 1),
(401, '2021-04-23', 0, 1, '2021-04-23 10:00:00', NULL, 10),
(402, '2021-04-23', 0, 1, '2021-04-23 10:00:00', NULL, 11),
(403, '2021-04-23', 0, 1, '2021-04-23 10:00:00', NULL, 14),
(404, '2021-04-23', 0, 1, '2021-04-23 10:00:00', NULL, 15),
(405, '2021-04-23', 0, 1, '2021-04-23 10:00:00', NULL, 17),
(406, '2021-04-23', 1, 1, '2021-04-23 20:00:00', NULL, 1),
(407, '2021-04-23', 1, 1, '2021-04-23 20:00:00', NULL, 10),
(408, '2021-04-23', 1, 1, '2021-04-23 20:00:00', NULL, 11),
(409, '2021-04-23', 1, 1, '2021-04-23 20:00:00', NULL, 14),
(410, '2021-04-23', 1, 1, '2021-04-23 20:00:00', NULL, 15),
(411, '2021-04-24', 1, 1, '2021-04-24 20:00:00', NULL, 17),
(412, '2021-04-24', 1, 1, '2021-04-24 20:00:00', NULL, 1),
(413, '2021-04-24', 1, 1, '2021-04-24 20:00:00', NULL, 10),
(414, '2021-04-24', 1, 1, '2021-04-24 20:00:00', NULL, 11),
(415, '2021-04-24', 1, 1, '2021-04-24 20:00:00', NULL, 14),
(416, '2021-04-24', 0, 1, '2021-04-24 10:00:00', NULL, 15),
(417, '2021-04-24', 0, 1, '2021-04-24 10:00:00', NULL, 17),
(418, '2021-04-24', 0, 1, '2021-04-24 10:00:00', NULL, 1),
(419, '2021-04-24', 0, 1, '2021-04-24 10:00:00', NULL, 10),
(420, '2021-04-24', 0, 1, '2021-04-24 10:00:00', NULL, 11),
(421, '2021-04-26', 0, 1, '2021-04-26 10:00:00', NULL, 14),
(422, '2021-04-26', 0, 1, '2021-04-26 10:00:00', NULL, 15),
(423, '2021-04-26', 0, 1, '2021-04-26 10:00:00', NULL, 17),
(424, '2021-04-26', 0, 1, '2021-04-26 10:00:00', NULL, 1),
(425, '2021-04-26', 0, 1, '2021-04-26 10:00:00', NULL, 10),
(426, '2021-04-26', 1, 1, '2021-04-26 20:00:00', NULL, 11),
(427, '2021-04-26', 1, 1, '2021-04-26 20:00:00', NULL, 14),
(428, '2021-04-26', 1, 1, '2021-04-26 20:00:00', NULL, 15),
(429, '2021-04-26', 1, 1, '2021-04-26 20:00:00', NULL, 17),
(430, '2021-04-26', 1, 1, '2021-04-26 20:00:00', NULL, 1),
(431, '2021-04-27', 1, 1, '2021-04-27 20:00:00', NULL, 10),
(432, '2021-04-27', 1, 1, '2021-04-27 20:00:00', NULL, 11),
(433, '2021-04-27', 1, 1, '2021-04-27 20:00:00', NULL, 14),
(434, '2021-04-27', 1, 1, '2021-04-27 20:00:00', NULL, 15),
(435, '2021-04-27', 1, 1, '2021-04-27 20:00:00', NULL, 17),
(436, '2021-04-27', 0, 1, '2021-04-27 10:00:00', NULL, 1),
(437, '2021-04-27', 0, 1, '2021-04-27 10:00:00', NULL, 10),
(438, '2021-04-27', 0, 1, '2021-04-27 10:00:00', NULL, 11),
(439, '2021-04-27', 0, 1, '2021-04-27 10:00:00', NULL, 14),
(440, '2021-04-27', 0, 1, '2021-04-27 10:00:00', NULL, 15),
(441, '2021-04-28', 0, 1, '2021-04-28 10:00:00', NULL, 17),
(442, '2021-04-28', 0, 1, '2021-04-28 10:00:00', NULL, 1),
(443, '2021-04-28', 0, 1, '2021-04-28 10:00:00', NULL, 10),
(444, '2021-04-28', 0, 1, '2021-04-28 10:00:00', NULL, 11),
(445, '2021-04-28', 0, 1, '2021-04-28 10:00:00', NULL, 14),
(446, '2021-04-28', 1, 1, '2021-04-28 20:00:00', NULL, 15),
(447, '2021-04-28', 1, 1, '2021-04-28 20:00:00', NULL, 17),
(448, '2021-04-28', 1, 1, '2021-04-28 20:00:00', NULL, 1),
(449, '2021-04-28', 1, 1, '2021-04-28 20:00:00', NULL, 10),
(450, '2021-04-28', 1, 1, '2021-04-28 20:00:00', NULL, 11),
(451, '2021-04-29', 1, 1, '2021-04-29 20:00:00', NULL, 14),
(452, '2021-04-29', 1, 1, '2021-04-29 20:00:00', NULL, 15),
(453, '2021-04-29', 1, 1, '2021-04-29 20:00:00', NULL, 17),
(454, '2021-04-29', 1, 1, '2021-04-29 20:00:00', NULL, 1),
(455, '2021-04-29', 1, 1, '2021-04-29 20:00:00', NULL, 10),
(456, '2021-04-29', 0, 1, '2021-04-29 10:00:00', NULL, 11),
(457, '2021-04-29', 0, 1, '2021-04-29 10:00:00', NULL, 14),
(458, '2021-04-29', 0, 1, '2021-04-29 10:00:00', NULL, 15),
(459, '2021-04-29', 0, 1, '2021-04-29 10:00:00', NULL, 17),
(460, '2021-04-29', 0, 1, '2021-04-29 10:00:00', NULL, 1),
(461, '2021-04-30', 0, 1, '2021-04-30 10:00:00', NULL, 10),
(462, '2021-04-30', 0, 1, '2021-04-30 10:00:00', NULL, 11),
(463, '2021-04-30', 0, 1, '2021-04-30 10:00:00', NULL, 14),
(464, '2021-04-30', 0, 1, '2021-04-30 10:00:00', NULL, 15),
(465, '2021-04-30', 0, 1, '2021-04-30 10:00:00', NULL, 17),
(466, '2021-04-30', 1, 1, '2021-04-30 20:00:00', NULL, 1),
(467, '2021-04-30', 1, 1, '2021-04-30 20:00:00', NULL, 10),
(468, '2021-04-30', 1, 1, '2021-04-30 20:00:00', NULL, 11),
(469, '2021-04-30', 1, 1, '2021-04-30 20:00:00', NULL, 14),
(470, '2021-04-30', 1, 1, '2021-04-30 20:00:00', NULL, 15),
(471, '2021-05-01', 1, 1, '2021-05-01 20:00:00', NULL, 17),
(472, '2021-05-01', 1, 1, '2021-05-01 20:00:00', NULL, 1),
(473, '2021-05-01', 1, 1, '2021-05-01 20:00:00', NULL, 10),
(474, '2021-05-01', 1, 1, '2021-05-01 20:00:00', NULL, 11),
(475, '2021-05-01', 1, 1, '2021-05-01 20:00:00', NULL, 14),
(476, '2021-05-01', 0, 1, '2021-05-01 10:00:00', NULL, 15),
(477, '2021-05-01', 0, 1, '2021-05-01 10:00:00', NULL, 17),
(478, '2021-05-01', 0, 1, '2021-05-01 10:00:00', NULL, 1),
(479, '2021-05-01', 0, 1, '2021-05-01 10:00:00', NULL, 10),
(480, '2021-05-01', 0, 1, '2021-05-01 10:00:00', NULL, 11);

--
-- Indexes for dumped tables
--

--
-- Indexes for table `master_role`
--
ALTER TABLE `master_role`
  ADD PRIMARY KEY (`id`);

--
-- Indexes for table `master_rule`
--
ALTER TABLE `master_rule`
  ADD PRIMARY KEY (`id`);

--
-- Indexes for table `tbl_user`
--
ALTER TABLE `tbl_user`
  ADD PRIMARY KEY (`id`),
  ADD UNIQUE KEY `email` (`email`),
  ADD KEY `role_cons` (`role_id`);

--
-- Indexes for table `trans_attendance`
--
ALTER TABLE `trans_attendance`
  ADD PRIMARY KEY (`id`),
  ADD KEY `user_attendance_cons` (`user_id`);

--
-- AUTO_INCREMENT for dumped tables
--

--
-- AUTO_INCREMENT for table `master_role`
--
ALTER TABLE `master_role`
  MODIFY `id` int(11) NOT NULL AUTO_INCREMENT, AUTO_INCREMENT=3;

--
-- AUTO_INCREMENT for table `master_rule`
--
ALTER TABLE `master_rule`
  MODIFY `id` int(11) NOT NULL AUTO_INCREMENT, AUTO_INCREMENT=2;

--
-- AUTO_INCREMENT for table `tbl_user`
--
ALTER TABLE `tbl_user`
  MODIFY `id` int(11) NOT NULL AUTO_INCREMENT, AUTO_INCREMENT=20;

--
-- AUTO_INCREMENT for table `trans_attendance`
--
ALTER TABLE `trans_attendance`
  MODIFY `id` int(11) NOT NULL AUTO_INCREMENT, AUTO_INCREMENT=481;

--
-- Constraints for dumped tables
--

--
-- Constraints for table `tbl_user`
--
ALTER TABLE `tbl_user`
  ADD CONSTRAINT `role_cons` FOREIGN KEY (`ROLE_ID`) REFERENCES `master_role` (`id`) ON DELETE CASCADE ON UPDATE CASCADE;

--
-- Constraints for table `trans_attendance`
--
ALTER TABLE `trans_attendance`
  ADD CONSTRAINT `user_attendance_cons` FOREIGN KEY (`user_id`) REFERENCES `tbl_user` (`id`) ON DELETE CASCADE ON UPDATE CASCADE;
COMMIT;

/*!40101 SET CHARACTER_SET_CLIENT=@OLD_CHARACTER_SET_CLIENT */;
/*!40101 SET CHARACTER_SET_RESULTS=@OLD_CHARACTER_SET_RESULTS */;
/*!40101 SET COLLATION_CONNECTION=@OLD_COLLATION_CONNECTION */;
